Date;Description;Amount;Balance
11/01/2027;CARD PURCHASE MERCADONA;-39,48;23.785,91
11/01/2027;DIRECT DEBIT ELECTRICITY ENERGIA XXI;-152,35;23.825,39
10/01/2027;CARD PURCHASE ALDI MADRID;-60,89;23.977,74
08/01/2027;DIRECT DEBIT HEALTH INSURANCE SANITAS;-86,50;24.038,63
06/01/2027;CARD PURCHASE FRUTERIA HNOS. GIL;-42,60;24.125,13
05/01/2027;CARD PURCHASE PANADERIA LA TAHONA;-39,34;24.167,73
05/01/2027;CARD PURCHASE MERCADONA 2231 MADRID;-20,24;24.207,07
05/01/2027;ATM WITHDRAWAL;-150,00;24.227,31
05/01/2027;CARD BILL ****4471;-2.841,08;24.377,31
04/01/2027;TRANSFER TO SAVINGS;-900,00;27.218,39
01/01/2027;ATM WITHDRAWAL;-100,00;28.118,39
01/01/2027;STANDING ORDER RENT CASTELLANA HOMES;-1.850,00;28.218,39
25/12/2026;PAYROLL ACME SOLUTIONS LTD;10.000,00;30.068,39
21/12/2026;DIRECT DEBIT CAR INSURANCE MUTUA;-62,40;20.068,39
21/12/2026;DIRECT DEBIT CAR LOAN SANTANDER CONSUMER;-420,00;20.130,79
16/12/2026;DIRECT DEBIT FIBRE + MOBILE DIGI;-42,90;20.550,79
13/12/2026;CARD PURCHASE Mercadona S.A.;-24,80;20.593,69
12/12/2026;CARD PURCHASE Mercadona S.A.;-87,82;20.618,49
10/12/2026;DIRECT DEBIT ELECTRICITY ENERGIA XXI;-148,60;20.706,31
09/12/2026;BIZUM TO MARTA F. - gift;-45,00;20.854,91
09/12/2026;ATM WITHDRAWAL;-100,00;20.899,91
08/12/2026;CARD PURCHASE MERCADONA;-64,16;20.999,91
08/12/2026;DIRECT DEBIT HEALTH INSURANCE SANITAS;-86,50;21.064,07
07/12/2026;CARD PURCHASE PANADERIA LA TAHONA;-23,92;21.150,57
07/12/2026;CARD BILL ****4471;-2.662,13;21.174,49
05/12/2026;CARD PURCHASE MERCADONA;-52,78;23.836,62
04/12/2026;CARD PURCHASE MERCADONA;-62,33;23.889,40
03/12/2026;ATM WITHDRAWAL;-150,00;23.951,73
02/12/2026;TRANSFER TO SAVINGS;-900,00;24.101,73
01/12/2026;STANDING ORDER RENT CASTELLANA HOMES;-1.850,00;25.001,73
27/11/2026;PAYROLL ACME SOLUTIONS LTD;10.000,00;26.851,73
23/11/2026;DIRECT DEBIT CAR INSURANCE MUTUA;-62,40;16.851,73
20/11/2026;DIRECT DEBIT CAR LOAN SANTANDER CONSUMER;-420,00;16.914,13
16/11/2026;DIRECT DEBIT FIBRE + MOBILE DIGI;-42,90;17.334,13
13/11/2026;CARD PURCHASE MERCADONA;-47,98;17.377,03
13/11/2026;CARD PURCHASE Mercadona S.A.;-28,00;17.425,01
12/11/2026;CARD PURCHASE PANADERIA LA TAHONA;-69,72;17.453,01
12/11/2026;DIRECT DEBIT ELECTRICITY ENERGIA XXI;-131,80;17.522,73
11/11/2026;CARD PURCHASE Mercadona S.A.;-35,78;17.654,53
10/11/2026;ATM WITHDRAWAL;-100,00;17.690,31
10/11/2026;ATM WITHDRAWAL;-60,00;17.790,31
09/11/2026;DIRECT DEBIT HEALTH INSURANCE SANITAS;-86,50;17.850,31
05/11/2026;CARD PURCHASE FRUTERIA HNOS. GIL;-43,78;17.936,81
05/11/2026;CARD BILL ****4471;-2.023,74;17.980,59
04/11/2026;CARD PURCHASE PANADERIA LA TAHONA;-82,22;20.004,33
03/11/2026;BIZUM TO PABLO G. - padel;-12,00;20.086,55
02/11/2026;TRANSFER TO SAVINGS;-900,00;20.098,55
02/11/2026;STANDING ORDER RENT CASTELLANA HOMES;-1.850,00;20.998,55
27/10/2026;PAYROLL ACME SOLUTIONS LTD;10.000,00;22.848,55
21/10/2026;DIRECT DEBIT CAR INSURANCE MUTUA;-62,40;12.848,55
20/10/2026;DIRECT DEBIT CAR LOAN SANTANDER CONSUMER;-420,00;12.910,95
16/10/2026;DIRECT DEBIT FIBRE + MOBILE DIGI;-42,90;13.330,95
13/10/2026;CARD PURCHASE PANADERIA LA TAHONA;-32,83;13.373,85
12/10/2026;DIRECT DEBIT ELECTRICITY ENERGIA XXI;-104,25;13.406,68
11/10/2026;ATM WITHDRAWAL;-60,00;13.510,93
09/10/2026;CARD PURCHASE ALDI MADRID;-20,22;13.570,93
08/10/2026;ATM WITHDRAWAL;-100,00;13.591,15
08/10/2026;DIRECT DEBIT HEALTH INSURANCE SANITAS;-86,50;13.691,15
07/10/2026;CARD PURCHASE FRUTERIA HNOS. GIL;-82,76;13.777,65
06/10/2026;CARD PURCHASE MERCADONA;-33,95;13.860,41
05/10/2026;CARD BILL ****4471;-2.048,29;13.894,36
02/10/2026;TRANSFER TO SAVINGS;-900,00;15.942,65
01/10/2026;CARD PURCHASE MERCADONA 2231 MADRID;-88,56;16.842,65
01/10/2026;CARD PURCHASE MERCADONA 2231 MADRID;-51,09;16.931,21
01/10/2026;STANDING ORDER RENT CASTELLANA HOMES;-1.850,00;16.982,30
Date;Description;Amount;Balance
01/10/2026;CARD PURCHASE MERCADONA 2231 MADRID;-88,56;16.842,65
01/10/2026;CARD PURCHASE MERCADONA 2231 MADRID;-51,09;16.931,21
01/10/2026;STANDING ORDER RENT CASTELLANA HOMES;-1.850,00;16.982,30
25/09/2026;PAYROLL ACME SOLUTIONS LTD;10.000,00;18.832,30
21/09/2026;DIRECT DEBIT CAR INSURANCE MUTUA;-62,40;8.832,30
21/09/2026;DIRECT DEBIT CAR LOAN SANTANDER CONSUMER;-420,00;8.894,70
16/09/2026;DIRECT DEBIT FIBRE + MOBILE DIGI;-42,90;9.314,70
12/09/2026;BIZUM TO PABLO G. - padel;-12,00;9.357,60
11/09/2026;CARD PURCHASE MERCADONA 2231 MADRID;-25,78;9.369,60
10/09/2026;CARD PURCHASE ALDI MADRID;-31,35;9.395,38
10/09/2026;ATM WITHDRAWAL;-100,00;9.426,73
10/09/2026;DIRECT DEBIT ELECTRICITY ENERGIA XXI;-76,30;9.526,73
09/09/2026;CARD PURCHASE ALDI MADRID;-91,69;9.603,03
08/09/2026;DIRECT DEBIT HEALTH INSURANCE SANITAS;-86,50;9.694,72
07/09/2026;CARD PURCHASE MERCADONA;-41,15;9.781,22
07/09/2026;ATM WITHDRAWAL;-60,00;9.822,37
07/09/2026;CARD BILL ****4471;-1.506,18;9.882,37
05/09/2026;CARD PURCHASE ALDI MADRID;-27,54;11.388,55
02/09/2026;TRANSFER TO SAVINGS;-900,00;11.416,09
01/09/2026;CARD PURCHASE ALDI MADRID;-33,52;12.316,09
01/09/2026;STANDING ORDER RENT CASTELLANA HOMES;-1.850,00;12.349,61
27/08/2026;PAYROLL ACME SOLUTIONS LTD;10.000,00;14.199,61
21/08/2026;DIRECT DEBIT CAR INSURANCE MUTUA;-62,40;4.199,61
20/08/2026;TRANSFER FROM SAVINGS;1.200,00;4.262,01
20/08/2026;DIRECT DEBIT CAR LOAN SANTANDER CONSUMER;-420,00;3.062,01
17/08/2026;DIRECT DEBIT FIBRE + MOBILE DIGI;-42,90;3.482,01
12/08/2026;CARD PURCHASE FRUTERIA HNOS. GIL;-66,24;3.524,91
12/08/2026;ATM WITHDRAWAL;-150,00;3.591,15
12/08/2026;DIRECT DEBIT ELECTRICITY ENERGIA XXI;-91,15;3.741,15
10/08/2026;CARD PURCHASE PANADERIA LA TAHONA;-15,88;3.832,30
10/08/2026;DIRECT DEBIT HEALTH INSURANCE SANITAS;-86,50;3.848,18
09/08/2026;CARD PURCHASE FRUTERIA HNOS. GIL;-52,58;3.934,68
09/08/2026;ATM WITHDRAWAL;-60,00;3.987,26
07/08/2026;CARD PURCHASE FRUTERIA HNOS. GIL;-70,31;4.047,26
06/08/2026;CARD PURCHASE ALDI MADRID;-73,47;4.117,57
05/08/2026;CARD BILL ****4471;-1.448,26;4.191,04
03/08/2026;TRANSFER TO SAVINGS;-900,00;5.639,30
03/08/2026;STANDING ORDER RENT CASTELLANA HOMES;-1.850,00;6.539,30
01/08/2026;CARD PURCHASE PANADERIA LA TAHONA;-19,51;8.389,30
27/07/2026;PAYROLL ACME SOLUTIONS LTD;10.000,00;8.408,81
21/07/2026;DIRECT DEBIT CAR INSURANCE MUTUA;-62,40;-1.591,19
20/07/2026;DIRECT DEBIT CAR LOAN SANTANDER CONSUMER;-420,00;-1.528,79
16/07/2026;DIRECT DEBIT FIBRE + MOBILE DIGI;-42,90;-1.108,79
13/07/2026;DIRECT DEBIT ELECTRICITY ENERGIA XXI;-88,40;-1.065,89
12/07/2026;CARD PURCHASE MERCADONA 2231 MADRID;-74,63;-977,49
12/07/2026;ATM WITHDRAWAL;-150,00;-902,86
11/07/2026;CARD PURCHASE PANADERIA LA TAHONA;-75,44;-752,86
10/07/2026;ATM WITHDRAWAL;-100,00;-677,42
08/07/2026;CARD PURCHASE MERCADONA;-35,75;-577,42
08/07/2026;CARD PURCHASE PANADERIA LA TAHONA;-73,57;-541,67
08/07/2026;DIRECT DEBIT HEALTH INSURANCE SANITAS;-86,50;-468,10
06/07/2026;CARD PURCHASE PANADERIA LA TAHONA;-59,45;-381,60
06/07/2026;CARD BILL ****4471;-1.548,80;-322,15
04/07/2026;BIZUM TO MARTA F. - dinner;-80,00;1.226,65
03/07/2026;CARD PURCHASE MERCADONA 2231 MADRID;-85,60;1.306,65
02/07/2026;TRANSFER TO SAVINGS;-900,00;1.392,25
01/07/2026;CARD PURCHASE PANADERIA LA TAHONA;-57,75;2.292,25
01/07/2026;STANDING ORDER RENT CASTELLANA HOMES;-1.850,00;2.350,00
