Transaction Date,Merchant,Amount,Currency
2026-07-01,NETFLIX.COM,12.99,EUR
2026-07-01,MERCADONA 2231 MADRID,134.94,EUR
2026-07-03,CABIFY,54.73,EUR
2026-07-03,REPSOL EST. SERV.,5.20,EUR
2026-07-06,SUSHI KO,66.68,EUR
2026-07-06,CABIFY,28.82,EUR
2026-07-06,PAYMENT RECEIVED - THANK YOU,-1548.80,EUR
2026-07-09,GIMNASIO VIVA,39.90,EUR
2026-07-09,CRTM RECARGA,5.88,EUR
2026-07-10,CAFE COMERCIAL,36.44,EUR
2026-07-14,SPOTIFY,10.99,EUR
2026-07-14,Mercadona S.A.,81.08,EUR
2026-07-14,CAFE COMERCIAL,69.69,EUR
2026-07-14,CRTM RECARGA,21.63,EUR
2026-07-14,CABIFY,15.67,EUR
2026-07-15,CABIFY,54.58,EUR
2026-07-16,MERCADONA 2231 MADRID,108.30,EUR
2026-07-19,RENFE VIAJEROS,38.87,EUR
2026-07-21,GLOVO*PEDIDO,101.98,EUR
2026-07-23,MERCADONA,122.36,EUR
2026-07-23,CRTM RECARGA,30.87,EUR
2026-07-25,CRTM RECARGA,22.67,EUR
2026-07-27,PIZZERIA NAPOLI,51.69,EUR
2026-07-28,ALDI MADRID,126.17,EUR
2026-07-30,LIDL,144.09,EUR
2026-07-30,BAR LA ESQUINA,42.29,EUR
2026-07-31,RENFE VIAJEROS,19.75,EUR
2026-08-01,NETFLIX.COM,12.99,EUR
2026-08-02,RENFE VIAJEROS,45.68,EUR
2026-08-02,CRTM RECARGA,6.29,EUR
2026-08-03,MERCADONA,73.81,EUR
2026-08-03,CAFE COMERCIAL,76.60,EUR
2026-08-05,PAYMENT RECEIVED - THANK YOU,-1448.26,EUR
2026-08-06,CAFE COMERCIAL,101.72,EUR
2026-08-07,ALDI MADRID,75.61,EUR
2026-08-09,GIMNASIO VIVA,39.90,EUR
2026-08-09,ALDI MADRID,98.98,EUR
2026-08-11,RENFE VIAJEROS,7.72,EUR
2026-08-13,CARREFOUR EXPRESS,141.87,EUR
2026-08-14,SPOTIFY,10.99,EUR
2026-08-14,CABIFY,24.75,EUR
2026-08-17,REPSOL EST. SERV.,55.57,EUR
2026-08-18,BAR LA ESQUINA,37.76,EUR
2026-08-19,FARMACIA LDA. RUIZ,22.61,EUR
2026-08-20,ALDI MADRID,58.20,EUR
2026-08-21,Mercadona S.A.,136.28,EUR
2026-08-21,CAFE COMERCIAL,28.77,EUR
2026-08-21,CABIFY,48.81,EUR
2026-08-22,CRTM RECARGA,37.86,EUR
2026-08-23,RENFE VIAJEROS,52.39,EUR
2026-08-26,PIZZERIA NAPOLI,94.94,EUR
2026-08-29,CARREFOUR EXPRESS,84.44,EUR
2026-08-29,CRTM RECARGA,9.26,EUR
2026-08-29,RENFE VIAJEROS,23.98,EUR
2026-08-30,ALDI MADRID,98.40,EUR
2026-09-01,NETFLIX.COM,12.99,EUR
2026-09-01,REPSOL EST. SERV.,54.33,EUR
2026-09-01,ZARA,105.94,EUR
2026-09-02,CRTM RECARGA,10.37,EUR
2026-09-05,CRTM RECARGA,25.60,EUR
2026-09-05,REPSOL EST. SERV.,42.77,EUR
2026-09-06,EL CORTE INGLES,35.77,EUR
2026-09-07,MERCADONA,109.18,EUR
2026-09-07,PAYMENT RECEIVED - THANK YOU,-1506.18,EUR
2026-09-08,MERCADONA,121.75,EUR
2026-09-08,TABERNA EL SUR,82.12,EUR
2026-09-08,CAFE COMERCIAL,60.88,EUR
2026-09-09,GIMNASIO VIVA,39.90,EUR
2026-09-09,RENFE VIAJEROS,25.43,EUR
2026-09-11,CARREFOUR EXPRESS,134.75,EUR
2026-09-11,RENFE VIAJEROS,43.62,EUR
2026-09-12,MERCADONA,87.72,EUR
2026-09-14,SPOTIFY,10.99,EUR
2026-09-14,CAFE COMERCIAL,84.98,EUR
2026-09-14,REPSOL EST. SERV.,19.48,EUR
2026-09-16,ALDI MADRID,129.24,EUR
2026-09-16,CRTM RECARGA,11.22,EUR
2026-09-17,CABIFY,11.76,EUR
2026-09-17,CINES RENOIR,24.16,EUR
2026-09-18,SUSHI KO,96.36,EUR
2026-09-18,RENFE VIAJEROS,53.66,EUR
2026-09-19,EL CORTE INGLES,96.88,EUR
2026-09-21,PIZZERIA NAPOLI,61.27,EUR
2026-09-22,ALDI MADRID,99.81,EUR
2026-09-23,MERCADONA,135.96,EUR
2026-09-23,BAR LA ESQUINA,81.78,EUR
2026-09-24,CABIFY,53.30,EUR
2026-09-29,REPSOL EST. SERV.,47.13,EUR
2026-09-29,CABIFY,37.19,EUR
2026-10-01,NETFLIX.COM,12.99,EUR
2026-10-01,CARREFOUR EXPRESS,79.24,EUR
2026-10-03,PIZZERIA NAPOLI,33.51,EUR
2026-10-03,EL CORTE INGLES,312.30,EUR
2026-10-04,REPSOL EST. SERV.,56.14,EUR
2026-10-05,MERCADONA,74.32,EUR
2026-10-05,PAYMENT RECEIVED - THANK YOU,-2048.29,EUR
2026-10-08,CAFE COMERCIAL,33.05,EUR
2026-10-09,GIMNASIO VIVA,39.90,EUR
2026-10-09,REPSOL EST. SERV.,24.21,EUR
2026-10-11,CABIFY,7.69,EUR
2026-10-12,MERCADONA 2231 MADRID,60.87,EUR
2026-10-14,SPOTIFY,10.99,EUR
2026-10-16,GLOVO*PEDIDO,69.04,EUR
2026-10-17,Mercadona S.A.,91.29,EUR
2026-10-17,MERCADONA 2231 MADRID,133.34,EUR
2026-10-17,ZARA,147.55,EUR
2026-10-18,TABERNA EL SUR,44.72,EUR
2026-10-20,CRTM RECARGA,53.64,EUR
2026-10-21,ALDI MADRID,128.50,EUR
2026-10-21,CARREFOUR EXPRESS,94.99,EUR
2026-10-21,RENFE VIAJEROS,32.91,EUR
2026-10-24,IBERIA LINEAS AEREAS,226.40,EUR
2026-10-25,PIZZERIA NAPOLI,85.57,EUR
2026-10-26,RENFE VIAJEROS,30.93,EUR
2026-10-29,Mercadona S.A.,76.42,EUR
2026-10-29,REPSOL EST. SERV.,41.58,EUR
2026-10-31,CABIFY,21.65,EUR
2026-11-01,NETFLIX.COM,12.99,EUR
2026-11-02,ALDI MADRID,104.96,EUR
2026-11-02,PIZZERIA NAPOLI,88.24,EUR
2026-11-02,REPSOL EST. SERV.,14.16,EUR
2026-11-03,SUSHI KO,51.88,EUR
2026-11-05,FARMACIA LDA. RUIZ,45.70,EUR
2026-11-05,PAYMENT RECEIVED - THANK YOU,-2023.74,EUR
2026-11-06,PIZZERIA NAPOLI,97.91,EUR
2026-11-06,REPSOL EST. SERV.,35.99,EUR
2026-11-07,BAR LA ESQUINA,41.16,EUR
2026-11-07,CRTM RECARGA,33.48,EUR
2026-11-07,AMAZON.ES*MK1,256.80,EUR
2026-11-09,GIMNASIO VIVA,39.90,EUR
2026-11-09,ALDI MADRID,60.15,EUR
2026-11-10,MERCADONA,98.98,EUR
2026-11-10,ZARA,80.93,EUR
2026-11-13,ALDI MADRID,140.85,EUR
2026-11-13,CABIFY,7.76,EUR
2026-11-14,SPOTIFY,10.99,EUR
2026-11-14,PIZZERIA NAPOLI,59.06,EUR
2026-11-14,FNAC,189.00,EUR
2026-11-15,CARREFOUR EXPRESS,110.86,EUR
2026-11-15,CRTM RECARGA,53.10,EUR
2026-11-18,PIZZERIA NAPOLI,100.47,EUR
2026-11-18,TABERNA EL SUR,102.70,EUR
2026-11-19,PELUQUERIA NUEVA,50.42,EUR
2026-11-20,Mercadona S.A.,67.67,EUR
2026-11-20,CABIFY,7.39,EUR
2026-11-20,ZARA - REFUND,-64.90,EUR
2026-11-21,MERCADONA 2231 MADRID,79.20,EUR
2026-11-23,CRTM RECARGA,18.40,EUR
2026-11-24,RENFE VIAJEROS,52.60,EUR
2026-11-26,EL CORTE INGLES,94.43,EUR
2026-11-27,BAR LA ESQUINA,86.57,EUR
2026-11-27,TABERNA EL SUR,70.71,EUR
2026-11-28,CRTM RECARGA,17.35,EUR
2026-11-28,CASA RURAL EL MOLINO,215.00,EUR
2026-11-30,MERCADONA,129.27,EUR
2026-12-01,NETFLIX.COM,12.99,EUR
2026-12-01,ALDI MADRID,92.56,EUR
2026-12-02,MERCADONA 2231 MADRID,84.49,EUR
2026-12-02,CABIFY,17.61,EUR
2026-12-05,GLOVO*PEDIDO,29.09,EUR
2026-12-05,DECATHLON,26.73,EUR
2026-12-05,EL CORTE INGLES,413.45,EUR
2026-12-07,PAYMENT RECEIVED - THANK YOU,-2662.13,EUR
2026-12-08,MERCADONA 2231 MADRID,135.49,EUR
2026-12-08,TABERNA EL SUR,68.72,EUR
2026-12-08,PELUQUERIA NUEVA,63.90,EUR
2026-12-09,GIMNASIO VIVA,39.90,EUR
2026-12-09,TABERNA EL SUR,59.65,EUR
2026-12-09,CRTM RECARGA,52.34,EUR
2026-12-12,PELUQUERIA NUEVA,46.55,EUR
2026-12-12,AMAZON.ES*MK1,198.20,EUR
2026-12-13,Mercadona S.A.,102.19,EUR
2026-12-14,SPOTIFY,10.99,EUR
2026-12-15,SUSHI KO,58.17,EUR
2026-12-15,CRTM RECARGA,50.40,EUR
2026-12-15,CABIFY,51.46,EUR
2026-12-16,CRTM RECARGA,55.41,EUR
2026-12-17,PELUQUERIA NUEVA,25.57,EUR
2026-12-18,CRTM RECARGA,14.84,EUR
2026-12-19,RENFE VIAJEROS,145.10,EUR
2026-12-20,AMAZON.ES*MK1,45.58,EUR
2026-12-21,MERCADONA 2231 MADRID,72.34,EUR
2026-12-21,MERCADONA 2231 MADRID,116.83,EUR
2026-12-21,TABERNA EL SUR,78.20,EUR
2026-12-21,REPSOL EST. SERV.,9.37,EUR
2026-12-23,RESTAURANTE LA TERRAZA,138.00,EUR
2026-12-24,LIDL,106.57,EUR
2026-12-24,RENFE VIAJEROS,36.53,EUR
2026-12-24,RENFE VIAJEROS,42.87,EUR
2026-12-25,LIDL,138.11,EUR
2026-12-26,CRTM RECARGA,24.42,EUR
2026-12-28,GLOVO*PEDIDO,45.97,EUR
2026-12-28,TABERNA EL SUR,79.31,EUR
2026-12-31,TABERNA EL SUR,51.18,EUR
2027-01-01,NETFLIX.COM,12.99,EUR
2027-01-01,ALDI MADRID,91.24,EUR
2027-01-01,REPSOL EST. SERV.,35.00,EUR
2027-01-01,EL CORTE INGLES,94.62,EUR
2027-01-01,FARMACIA LDA. RUIZ,32.49,EUR
2027-01-02,ALDI MADRID,99.26,EUR
2027-01-02,RENFE VIAJEROS,11.03,EUR
2027-01-05,PAYMENT RECEIVED - THANK YOU,-2841.08,EUR
2027-01-06,MERCADONA 2231 MADRID,128.79,EUR
2027-01-07,CAFE COMERCIAL,67.77,EUR
2027-01-08,CRTM RECARGA,41.11,EUR
2027-01-09,GIMNASIO VIVA,39.90,EUR
2027-01-11,CABIFY,38.50,EUR
2027-01-13,CRTM RECARGA,39.87,EUR
2027-01-14,SPOTIFY,10.99,EUR
2027-01-14,LIDL,106.15,EUR
2027-01-14,MERCADONA,73.02,EUR
2027-01-14,TABERNA EL SUR,57.76,EUR
2027-01-14,CRTM RECARGA,27.51,EUR
2027-01-14,RENFE VIAJEROS,45.17,EUR
