Date,Description,Amount,Balance
2026-06-30,INTEREST,11.84,4100.84
2026-07-02,TRANSFER FROM CHECKING,900.00,5000.84
2026-08-03,TRANSFER FROM CHECKING,900.00,5900.84
2026-08-20,TRANSFER TO CHECKING,-1200.00,4700.84
2026-09-02,TRANSFER FROM CHECKING,900.00,5600.84
2026-09-30,INTEREST,14.22,5615.06
2026-10-02,TRANSFER FROM CHECKING,900.00,6515.06
2026-11-02,TRANSFER FROM CHECKING,900.00,7415.06
2026-12-02,TRANSFER FROM CHECKING,900.00,8315.06
2026-12-31,INTEREST,15.07,8330.13
2027-01-04,TRANSFER FROM CHECKING,900.00,9230.13
